id,category,expected,predicted,score,nb,vader,truncated,englishAccepted,text,analyzed
"direct_insults-01","direct_insults","aggressive","aggressive","0.9535","0.9915","0.8965","false","true","You are a worthless idiot.","You are a worthless idiot."
"direct_insults-02","direct_insults","aggressive","aggressive","0.9469400000000001","0.9977","0.8708","false","true","You are an incompetent moron.","You are an incompetent moron."
"direct_insults-03","direct_insults","aggressive","aggressive","0.76702","0.7413","0.8056","false","true","You are disgusting and nobody wants you here.","You are disgusting and nobody wants you here."
"direct_insults-04","direct_insults","safe","safe","0.00078","0.0013","0","false","true","Your answer is incorrect; please check the calculation.","Your answer is incorrect; please check the calculation."
"direct_insults-05","direct_insults","safe","safe","0.02148","0.0358","0","false","true","I disagree with your argument.","I disagree with your argument."
"direct_insults-06","direct_insults","safe","safe","0.00402","0.0067","0","false","true","This explanation needs more evidence.","This explanation needs more evidence."
"threats-01","threats","aggressive","safe","0.16313999999999998","0.2719","0","false","true","I will find you and break your neck.","I will find you and break your neck."
"threats-02","threats","aggressive","aggressive","0.66782","0.6249","0.7322","false","true","I am going to stab you tomorrow.","I am going to stab you tomorrow."
"threats-03","threats","aggressive","safe","0.2163","0.3605","0","false","true","I know where you live. You will not make it home tonight.","I know where you live. You will not make it home tonight."
"threats-04","threats","safe","safe","0.045720000000000004","0.0762","0","false","true","I will find you a better seat tomorrow.","I will find you a better seat tomorrow."
"threats-05","threats","safe","safe","0.19397999999999999","0.3233","0","false","true","Please do not threaten anyone.","Please do not threaten anyone."
"threats-06","threats","safe","safe","0.01662","0.0277","0","false","true","We need to prevent violence and protect people.","We need to prevent violence and protect people."
"exclusion_and_harm-01","exclusion_and_harm","aggressive","aggressive","0.72518","0.9229","0.4286","false","true","Nobody wants you here. Go away forever.","Nobody wants you here. Go away forever."
"exclusion_and_harm-02","exclusion_and_harm","aggressive","aggressive","0.54588","0.9098","0","false","true","Everyone should block her and make her life miserable.","Everyone should block her and make her life miserable."
"exclusion_and_harm-03","exclusion_and_harm","aggressive","safe","0.37902","0.6317","0","false","true","Do everyone a favor and end your life.","Do everyone a favor and end your life."
"exclusion_and_harm-04","exclusion_and_harm","safe","safe","0.11981999999999998","0.1997","0","false","true","You belong here and we want you to stay.","You belong here and we want you to stay."
"exclusion_and_harm-05","exclusion_and_harm","safe","safe","0.00192","0.0032","0","false","true","Please leave this private meeting; you can join the public session.","Please leave this private meeting; you can join the public session."
"exclusion_and_harm-06","exclusion_and_harm","safe","safe","0.069","0.115","0","false","true","I need some time alone today.","I need some time alone today."
"slang-01","slang","aggressive","aggressive","0.9535","0.9915","0.8965","false","true","u r a worthless 1d0it","u r a worthless idiot"
"slang-02","slang","aggressive","aggressive","0.9686000000000001","0.9988","0.9233","false","true","stfu you pathetic clown","stfu you pathetic clown"
"slang-03","slang","aggressive","safe","0.47338","0.3859","0.6046","false","true","You are a total waste of oxygen.","You are a total waste of oxygen."
"slang-04","slang","safe","safe","0.09653999999999999","0.1609","0","false","true","You ate that performance, absolutely amazing!","You ate that performance, absolutely amazing!"
"slang-05","slang","safe","aggressive","0.5454","0.909","0","false","true","That joke has me dead, so funny.","That joke has me dead, so funny."
"slang-06","slang","safe","safe","0.07362","0.1227","0","false","true","We cooked dinner together.","We cooked dinner together."
"negation-01","negation","aggressive","aggressive","0.9569799999999999","0.9973","0.8965","false","true","You are not smart. You are a worthless idiot.","You are not smart. You are a worthless idiot."
"negation-02","negation","aggressive","aggressive","0.86982","0.9909","0.6882","false","true","You are a moron, not a genius.","You are a moron, not a genius."
"negation-03","negation","aggressive","aggressive","0.94448","0.9962","0.8669","false","true","Do not pretend you are anything but a disgusting loser.","Do not pretend you are anything but a disgusting loser."
"negation-04","negation","safe","safe","0.4089","0.6815","0","false","true","You are not stupid.","You are not stupid."
"negation-05","negation","safe","safe","0.48426","0.8071","0","false","true","You are not a worthless idiot.","You are not a worthless idiot."
"negation-06","negation","safe","aggressive","0.87114","0.9931","0.6882","false","true","Never call someone a moron.","Never call someone a moron."
"quotation_and_reporting-01","quotation_and_reporting","aggressive","aggressive","0.94742","0.9871","0.8879","false","true","I mean it when I say you are a worthless idiot.","I mean it when I say you are a worthless idiot."
"quotation_and_reporting-02","quotation_and_reporting","aggressive","aggressive","0.9427399999999999","0.9933","0.8669","false","true","My message to you is: you are a disgusting loser.","My message to you is: you are a disgusting loser."
"quotation_and_reporting-03","quotation_and_reporting","aggressive","aggressive","0.9511400000000001","0.9999","0.878","false","true","I am telling everyone that you are a pathetic moron.","I am telling everyone that you are a pathetic moron."
"quotation_and_reporting-04","quotation_and_reporting","safe","aggressive","0.89076","0.9402","0.8166","false","true","Someone called me a worthless idiot and I need help reporting it.","Someone called me a worthless idiot and I need help reporting it."
"quotation_and_reporting-05","quotation_and_reporting","safe","aggressive","0.8920600000000001","0.9921","0.742","false","true","The moderator removed a comment that said ""go kill yourself"".","The moderator removed a comment that said ""go kill yourself""."
"quotation_and_reporting-06","quotation_and_reporting","safe","aggressive","0.8216399999999999","0.9188","0.6759","false","true","Calling people stupid is unacceptable.","Calling people stupid is unacceptable."
"praise_and_profanity-01","praise_and_profanity","aggressive","aggressive","0.97828","1","0.9457","false","true","You are a fucking worthless idiot.","You are a fucking worthless idiot."
"praise_and_profanity-02","praise_and_profanity","aggressive","safe","0.46574","0.3343","0.6629","false","true","You are pathetic, but your presentation looks great.","You are pathetic, but your presentation looks great."
"praise_and_profanity-03","praise_and_profanity","aggressive","aggressive","0.5655","0.9425","0","false","true","Great work, idiot. You ruined everything again.","Great work, idiot. You ruined everything again."
"praise_and_profanity-04","praise_and_profanity","safe","safe","0.20046","0.3341","0","false","true","You did a fucking amazing job.","You did a fucking amazing job."
"praise_and_profanity-05","praise_and_profanity","safe","safe","0.05766","0.0961","0","false","true","You killed it out there! Destroyed the opposition!","You killed it out there! Destroyed the opposition!"
"praise_and_profanity-06","praise_and_profanity","safe","safe","0.20237999999999998","0.3373","0","false","true","Nice job!","Nice job!"
"ordinary_words-01","ordinary_words","safe","safe","0.00264","0.0044","0","false","true","The class assignment is about classic artwork.","The class assignment is about classic artwork."
"ordinary_words-02","ordinary_words","safe","safe","0.00132","0.0022","0","false","true","I will assist you with the assessment.","I will assist you with the assessment."
"ordinary_words-03","ordinary_words","safe","safe","0.0171","0.0285","0","false","true","The shirt is on the shelf beside the duck picture.","The shirt is on the shelf beside the duck picture."
"ordinary_words-04","ordinary_words","safe","safe","0.05628","0.0938","0","false","true","The battery is dead and the screen is broken.","The battery is dead and the screen is broken."
"ordinary_words-05","ordinary_words","safe","aggressive","0.58768","0.5466","0.6493","false","true","This awful weather ruined my picnic.","This awful weather ruined my picnic."
"ordinary_words-06","ordinary_words","safe","safe","0.006","0.01","0","false","true","Version 3.14 works with the public account.","Version 3.14 works with the public account."
"obfuscation-01","obfuscation","aggressive","aggressive","0.9535","0.9915","0.8965","false","true","You are a worthless 1d10t.","You are a worthless idiot."
"obfuscation-02","obfuscation","aggressive","aggressive","0.83758","0.9293","0.7","false","true","You are an i.d.i.o.t.","You are an idiot."
"obfuscation-03","obfuscation","aggressive","aggressive","0.95238","0.9997","0.8814","false","true","You are a stuuupid moron.","You are a stupid moron."
"obfuscation-04","obfuscation","aggressive","aggressive","0.86982","0.9909","0.6882","false","true","You are a m0r*n.","You are a moron."
"obfuscation-05","obfuscation","aggressive","aggressive","0.8115600000000001","0.902","0.6759","false","true","You are st​upid.","You are stupid."
"obfuscation-06","obfuscation","aggressive","aggressive","0.8115600000000001","0.902","0.6759","false","true","You are stúpid.","You are stupid."
"obfuscation-07","obfuscation","aggressive","aggressive","0.83758","0.9293","0.7","false","true","You are an !d!ot.","You are an idiot."
"obfuscation-08","obfuscation","aggressive","safe","0.08123999999999999","0.1354","0","false","true","You are a |d|ot.","You are a |d|ot."
"obfuscation-09","obfuscation","aggressive","safe","0","0.25","0","false","true","You are a stup!d-m0r0n.","You are a stupid-moron."
"obfuscation-10","obfuscation","aggressive","aggressive","0.84148","0.9696","0.6493","false","true","You are a st00pid l00ser.","You are a st00pid loser."
"obfuscation-11","obfuscation","aggressive","safe","0.17172","0.2862","0","false","true","You are a stvp1d person.","You are a stvp1d person."
"obfuscation-12","obfuscation","aggressive","aggressive","0.8206199999999999","0.9171","0.6759","false","true","You are a s t u p i d person.","You are a stupid person."
"obfuscation-13","obfuscation","safe","safe","0.4089","0.6815","0","false","true","You are not stup1dd.","You are not stupid."
"obfuscation-14","obfuscation","safe","safe","0.40962","0.6827","0","false","true","You are not an 1d0it.","You are not an idiot."
"obfuscation-15","obfuscation","safe","safe","0.01266","0.0211","0","false","true","The code is A1B2 and the price is $5.","The code is A1B2 and the price is $5."
"obfuscation-16","obfuscation","safe","safe","0.14279999999999998","0.238","0","false","true","The café has a beautiful menu.","The café has a beautiful menu."
"long_text-01","long_text","aggressive","safe","0","0","0","true","true","The meeting is scheduled for Monday and the agenda is available online. The meeting is scheduled for Monday and the agenda is available online. The meeting is scheduled for Monday and the agenda is available online. The meeting is scheduled for Monday and the agenda is available online. The meeting is scheduled for Monday and the agenda is available online. The meeting is scheduled for Monday and the agenda is available online. The meeting is scheduled for Monday and the agenda is available online. The meeting is scheduled for Monday and the agenda is available online. The meeting is scheduled for Monday and the agenda is available online. The meeting is scheduled for Monday and the agenda is available online. The meeting is scheduled for Monday and the agenda is available online. The meeting is scheduled for Monday and the agenda is available online. You are a worthless disgusting idiot.","The meeting is scheduled for Monday and the agenda is available online. The meeting is scheduled for Monday and the agenda is available online. The meeting is scheduled for Monday and the agenda is available online. The meeting is scheduled for Monday and the agenda is available online. The meeting is scheduled for Monday and the agenda is available online. The meeting is scheduled for Monday and the agenda is available online. The meeting is scheduled for Monday and the agenda is available online. The meeting is scheduled for Monday and the agenda is available online. The meeting is scheduled for Monday and the agenda is available online. The meeting is scheduled for Monday and the agenda is available online. The meeting is scheduled for Monday and the"
"long_text-02","long_text","aggressive","safe","0.36868","0","0.9217","true","true","You are a worthless disgusting idiot. The meeting is scheduled for Monday and the agenda is available online. The meeting is scheduled for Monday and the agenda is available online. The meeting is scheduled for Monday and the agenda is available online. The meeting is scheduled for Monday and the agenda is available online. The meeting is scheduled for Monday and the agenda is available online. The meeting is scheduled for Monday and the agenda is available online. The meeting is scheduled for Monday and the agenda is available online. The meeting is scheduled for Monday and the agenda is available online. The meeting is scheduled for Monday and the agenda is available online. The meeting is scheduled for Monday and the agenda is available online. The meeting is scheduled for Monday and the agenda is available online. The meeting is scheduled for Monday and the agenda is available online. ","You are a worthless disgusting idiot. The meeting is scheduled for Monday and the agenda is available online. The meeting is scheduled for Monday and the agenda is available online. The meeting is scheduled for Monday and the agenda is available online. The meeting is scheduled for Monday and the agenda is available online. The meeting is scheduled for Monday and the agenda is available online. The meeting is scheduled for Monday and the agenda is available online. The meeting is scheduled for Monday and the agenda is available online. The meeting is scheduled for Monday and the agenda is available online. The meeting is scheduled for Monday and the agenda is available online. The meeting is scheduled for Monday and the agenda is available online. The meeting"
"long_text-03","long_text","safe","safe","0","0","0","true","true","The meeting is scheduled for Monday and the agenda is available online. The meeting is scheduled for Monday and the agenda is available online. The meeting is scheduled for Monday and the agenda is available online. The meeting is scheduled for Monday and the agenda is available online. The meeting is scheduled for Monday and the agenda is available online. The meeting is scheduled for Monday and the agenda is available online. The meeting is scheduled for Monday and the agenda is available online. The meeting is scheduled for Monday and the agenda is available online. The meeting is scheduled for Monday and the agenda is available online. The meeting is scheduled for Monday and the agenda is available online. The meeting is scheduled for Monday and the agenda is available online. The meeting is scheduled for Monday and the agenda is available online. Thank you for your help.","The meeting is scheduled for Monday and the agenda is available online. The meeting is scheduled for Monday and the agenda is available online. The meeting is scheduled for Monday and the agenda is available online. The meeting is scheduled for Monday and the agenda is available online. The meeting is scheduled for Monday and the agenda is available online. The meeting is scheduled for Monday and the agenda is available online. The meeting is scheduled for Monday and the agenda is available online. The meeting is scheduled for Monday and the agenda is available online. The meeting is scheduled for Monday and the agenda is available online. The meeting is scheduled for Monday and the agenda is available online. The meeting is scheduled for Monday and the"
"long_text-04","long_text","safe","safe","0","0","0","true","true","Thank you for your help. The meeting is scheduled for Monday and the agenda is available online. The meeting is scheduled for Monday and the agenda is available online. The meeting is scheduled for Monday and the agenda is available online. The meeting is scheduled for Monday and the agenda is available online. The meeting is scheduled for Monday and the agenda is available online. The meeting is scheduled for Monday and the agenda is available online. The meeting is scheduled for Monday and the agenda is available online. The meeting is scheduled for Monday and the agenda is available online. The meeting is scheduled for Monday and the agenda is available online. The meeting is scheduled for Monday and the agenda is available online. The meeting is scheduled for Monday and the agenda is available online. The meeting is scheduled for Monday and the agenda is available online. ","Thank you for your help. The meeting is scheduled for Monday and the agenda is available online. The meeting is scheduled for Monday and the agenda is available online. The meeting is scheduled for Monday and the agenda is available online. The meeting is scheduled for Monday and the agenda is available online. The meeting is scheduled for Monday and the agenda is available online. The meeting is scheduled for Monday and the agenda is available online. The meeting is scheduled for Monday and the agenda is available online. The meeting is scheduled for Monday and the agenda is available online. The meeting is scheduled for Monday and the agenda is available online. The meeting is scheduled for Monday and the agenda is available online. The meeting is"
