Rank,NB Weight,VADER Weight,Precision,Recall,F1,Weight Split
1,0.65,0.35,0.8814894378804153,0.7587057010785825,0.8155018217952965,65% NB / 35% VADER
2,0.75,0.25,0.8694589877835951,0.7676425269645608,0.8153846153846154,75% NB / 25% VADER
3,0.8,0.2,0.8659043659043659,0.7701078582434515,0.8152014353286576,80% NB / 20% VADER
4,0.7,0.3,0.8751326494517156,0.7624036979969183,0.8148880105401844,70% NB / 30% VADER
5,0.85,0.15,0.8619621342512909,0.7716486902927581,0.8143089430894309,85% NB / 15% VADER
6,0.6,0.4,0.8882010196649672,0.7516178736517719,0.814221331997997,60% NB / 40% VADER
7,0.9,0.1,0.8591983556012333,0.7728813559322034,0.8137573004542504,90% NB / 10% VADER
8,0.95,0.05,0.8553437712729748,0.77442218798151,0.8128740093805596,95% NB / 5% VADER
9,0.55,0.45,0.898989898989899,0.7405238828967643,0.8120986819871578,55% NB / 45% VADER
10,1.0,0.0,0.8512508451656524,0.7759630200308166,0.8118652265033048,100% NB / 0% VADER
11,0.5,0.5,0.9161704076958315,0.6163328197226502,0.7369196757553427,50% NB / 50% VADER
12,0.45,0.55,0.8287474332648871,0.6218798151001541,0.7105633802816902,45% NB / 55% VADER
13,0.4,0.6,0.7673098751418842,0.6249614791987673,0.688858695652174,40% NB / 60% VADER
14,0.35,0.65,0.7226408324363115,0.6206471494607088,0.6677718832891246,35% NB / 65% VADER
15,0.3,0.7,0.6874785591766723,0.6175654853620955,0.6506493506493507,30% NB / 70% VADER
16,0.25,0.75,0.6647784071976008,0.6147919876733436,0.6388088376560999,25% NB / 75% VADER
17,0.2,0.8,0.6448567708333334,0.6104776579352851,0.6271964540129809,20% NB / 80% VADER
18,0.15,0.85,0.6256361323155216,0.6061633281972265,0.6157458131162936,15% NB / 85% VADER
19,0.1,0.9,0.6034912718204489,0.5966101694915255,0.6000309933364326,10% NB / 90% VADER
20,0.05,0.95,0.5900336288596759,0.5947611710323575,0.5923879680785759,5% NB / 95% VADER
21,0.0,1.0,0.5740236148955495,0.5842835130970724,0.579108124618204,0% NB / 100% VADER
