group_dimension,question,strongly_agree,agree,disagree,strongly_disagree,recalculated_mean,printed_mean,round_half_up,count_matches_N
Users functional,1,21,9,0,0,3.7,3.70,3.70,True
Users functional,2,22,8,0,0,3.733333333333333333333333333,3.73,3.73,True
Users functional,3,22,8,0,0,3.733333333333333333333333333,3.73,3.73,True
Users functional,4,22,7,1,0,3.7,3.70,3.70,True
Users functional,5,24,6,0,0,3.8,3.80,3.80,True
Users functional,6,21,9,0,0,3.7,3.70,3.70,True
Users interaction,1,22,8,0,0,3.733333333333333333333333333,3.73,3.73,True
Users interaction,2,21,8,1,0,3.666666666666666666666666667,3.67,3.67,True
Users interaction,3,23,7,0,0,3.766666666666666666666666667,3.77,3.77,True
Users interaction,4,23,7,0,0,3.766666666666666666666666667,3.77,3.77,True
Users interaction,5,21,9,0,0,3.7,3.70,3.70,True
Users interaction,6,26,4,0,0,3.866666666666666666666666667,3.87,3.87,True
Users interaction,7,24,6,0,0,3.8,3.80,3.80,True
Users interaction,8,25,5,0,0,3.833333333333333333333333333,3.83,3.83,True
Users interaction,9,22,8,0,0,3.733333333333333333333333333,3.73,3.73,True
Users interaction,10,20,10,0,0,3.666666666666666666666666667,3.67,3.67,True
Users interaction,11,26,4,0,0,3.866666666666666666666666667,3.87,3.87,True
Users interaction,12,21,9,0,0,3.7,3.70,3.70,True
Users interaction,13,22,8,0,0,3.733333333333333333333333333,3.73,3.73,True
Users interaction,14,21,9,0,0,3.7,3.70,3.70,True
Users interaction,15,24,6,0,0,3.8,3.80,3.80,True
Users efficiency,1,17,12,1,0,3.533333333333333333333333333,3.53,3.53,True
Users efficiency,2,19,10,1,0,3.6,3.60,3.60,True
Users efficiency,3,22,8,0,0,3.733333333333333333333333333,3.73,3.73,True
Users efficiency,4,22,8,0,0,3.733333333333333333333333333,3.73,3.73,True
Users efficiency,5,19,11,0,0,3.633333333333333333333333333,3.63,3.63,True
Users efficiency,6,22,8,0,0,3.733333333333333333333333333,3.73,3.73,True
Users reliability,1,23,7,0,0,3.766666666666666666666666667,3.77,3.77,True
Users reliability,2,23,7,0,0,3.766666666666666666666666667,3.77,3.77,True
Users reliability,3,20,10,0,0,3.666666666666666666666666667,3.67,3.67,True
Users reliability,4,20,10,0,0,3.666666666666666666666666667,3.67,3.67,True
Users reliability,5,22,8,0,0,3.733333333333333333333333333,3.73,3.73,True
Users reliability,6,23,7,0,0,3.766666666666666666666666667,3.77,3.77,True
Users reliability,7,24,6,0,0,3.8,3.80,3.80,True
Experts functional,1,6,4,0,0,3.6,3.60,3.60,True
Experts functional,2,5,5,0,0,3.5,3.50,3.50,True
Experts functional,3,6,4,0,0,3.6,3.60,3.60,True
Experts functional,4,5,5,0,0,3.5,3.50,3.50,True
Experts functional,5,7,3,0,0,3.7,3.70,3.70,True
Experts functional,6,6,4,0,0,3.6,3.60,3.60,True
Experts interaction,1,7,3,0,0,3.7,3.70,3.70,True
Experts interaction,2,5,5,0,0,3.5,3.50,3.50,True
Experts interaction,3,6,4,0,0,3.6,3.60,3.60,True
Experts interaction,4,5,5,0,0,3.5,3.50,3.50,True
Experts interaction,5,5,5,0,0,3.5,3.50,3.50,True
Experts interaction,6,8,1,1,0,3.7,3.70,3.70,True
Experts interaction,7,8,2,0,0,3.8,3.80,3.80,True
Experts interaction,8,6,4,0,0,3.6,3.60,3.60,True
Experts interaction,9,5,5,0,0,3.5,3.50,3.50,True
Experts interaction,10,5,5,0,0,3.5,3.50,3.50,True
Experts interaction,11,7,3,0,0,3.7,3.70,3.70,True
Experts interaction,12,6,4,0,0,3.6,3.60,3.60,True
Experts interaction,13,5,5,0,0,3.5,3.50,3.50,True
Experts interaction,14,7,3,0,0,3.7,3.70,3.70,True
Experts interaction,15,7,3,0,0,3.7,3.70,3.70,True
Experts maintainability,1,6,4,0,0,3.6,3.60,3.60,True
Experts maintainability,2,5,5,0,0,3.5,3.50,3.50,True
Experts maintainability,3,6,4,0,0,3.6,3.60,3.60,True
Experts maintainability,4,6,4,0,0,3.6,3.60,3.60,True
Experts maintainability,5,8,2,0,0,3.8,3.80,3.80,True
Experts maintainability,6,6,4,0,0,3.6,3.60,3.60,True
Experts maintainability,7,8,2,0,0,3.8,3.80,3.80,True
Experts maintainability,8,6,4,0,0,3.6,3.60,3.60,True
Experts maintainability,9,5,5,0,0,3.5,3.50,3.50,True
Experts maintainability,10,5,5,0,0,3.5,3.50,3.50,True
Experts reliability,1,5,5,0,0,3.5,3.50,3.50,True
Experts reliability,2,7,2,1,0,3.6,3.60,3.60,True
Experts reliability,3,5,5,0,0,3.5,3.50,3.50,True
Experts reliability,4,7,3,0,0,3.7,3.70,3.70,True
Experts reliability,5,6,4,0,0,3.6,3.60,3.60,True
Experts reliability,6,6,4,0,0,3.6,3.60,3.60,True
Experts reliability,7,8,2,0,0,3.8,3.80,3.80,True
Experts reliability,8,7,3,0,0,3.7,3.70,3.70,True
