Weight Split,NB Weight,VADER Weight,Precision,Precision Rank,Recall,Recall Rank,F1,F1 Rank,Result Note
0% NB / 100% VADER,0.0,1.0,0.5740236148955495,21,0.5842835130970724,21,0.579108124618204,21,
5% NB / 95% VADER,0.05,0.95,0.5900336288596759,20,0.5947611710323575,20,0.5923879680785759,20,
10% NB / 90% VADER,0.1,0.9,0.6034912718204489,19,0.5966101694915255,19,0.6000309933364326,19,
15% NB / 85% VADER,0.15,0.85,0.6256361323155216,18,0.6061633281972265,18,0.6157458131162936,18,
20% NB / 80% VADER,0.2,0.8,0.6448567708333334,17,0.6104776579352851,17,0.6271964540129809,17,
25% NB / 75% VADER,0.25,0.75,0.6647784071976008,16,0.6147919876733436,16,0.6388088376560999,16,
30% NB / 70% VADER,0.3,0.7,0.6874785591766723,15,0.6175654853620955,14,0.6506493506493507,15,
35% NB / 65% VADER,0.35,0.65,0.7226408324363115,14,0.6206471494607088,13,0.6677718832891246,14,
40% NB / 60% VADER,0.4,0.6,0.7673098751418842,13,0.6249614791987673,11,0.688858695652174,13,
45% NB / 55% VADER,0.45,0.55,0.8287474332648871,12,0.6218798151001541,12,0.7105633802816902,12,
50% NB / 50% VADER,0.5,0.5,0.9161704076958315,1,0.6163328197226502,15,0.7369196757553427,11,Highest precision
55% NB / 45% VADER,0.55,0.45,0.898989898989899,2,0.7405238828967643,10,0.8120986819871578,9,
60% NB / 40% VADER,0.6,0.4,0.8882010196649672,3,0.7516178736517719,9,0.814221331997997,6,Implemented split
65% NB / 35% VADER,0.65,0.35,0.8814894378804153,4,0.7587057010785825,8,0.8155018217952965,1,Highest F1
70% NB / 30% VADER,0.7,0.3,0.8751326494517156,5,0.7624036979969183,7,0.8148880105401844,4,
75% NB / 25% VADER,0.75,0.25,0.8694589877835951,6,0.7676425269645608,6,0.8153846153846154,2,
80% NB / 20% VADER,0.8,0.2,0.8659043659043659,7,0.7701078582434515,5,0.8152014353286576,3,
85% NB / 15% VADER,0.85,0.15,0.8619621342512909,8,0.7716486902927581,4,0.8143089430894309,5,
90% NB / 10% VADER,0.9,0.1,0.8591983556012333,9,0.7728813559322034,3,0.8137573004542504,7,
95% NB / 5% VADER,0.95,0.05,0.8553437712729748,10,0.77442218798151,2,0.8128740093805596,8,
100% NB / 0% VADER,1.0,0.0,0.8512508451656524,11,0.7759630200308166,1,0.8118652265033048,10,Highest recall
